[
    {
        "_index": "jet_airways",
        "_type": "data",
        "_id": "_ou52qni0o",
        "_score": 20.438774,
        "_source": {
            "RCA": "NA",
            "Description": "Member is not able to redeem his JPMiles even after completing 2FA verification",
            "last_occurred_on": "2018-04-30T18:30:00.000Z",
            "created_date": "2018-04-30T18:30:00.000Z",
            "Ref_Id": "JWS-56",
            "Count_till_date": 1,
            "Quick_Fix": "NA",
            "Resolution": "As per analysis mobile no. is not verified, so member is not able to reedem jpmiles,user asked to verify the channels and re try redeem activity",
            "Areas": "Login",
            "link": []
        }
    },
    {
        "_index": "jet_airways",
        "_type": "data",
        "_id": "_pqdljx02x",
        "_score": 7.881509,
        "_source": {
            "RCA": "NA",
            "Description": "Member is not able to enroll his kid",
            "last_occurred_on": "2018-08-05T18:30:00.000Z",
            "created_date": "2018-08-05T18:30:00.000Z",
            "Ref_Id": "jws-400",
            "Count_till_date": 1,
            "Quick_Fix": "error message has resolved and pushed to production servers",
            "Resolution": "Cris is return the message",
            "Areas": "enroll",
            "link": []
        }
    },
    {
        "_index": "jet_airways",
        "_type": "data",
        "_id": "_oo0xfit8f",
        "_score": 7.4165506,
        "_source": {
            "RCA": "NA",
            "Description": "Not able to login",
            "last_occurred_on": "2018-10-31T18:30:00.000Z",
            "created_date": "2018-10-31T18:30:00.000Z",
            "Ref_Id": "JWS-96",
            "Count_till_date": 3,
            "Quick_Fix": "Na",
            "Resolution": "Time out were happening  intermittently at Auth0 end as CRIS was responding script did not executed witin 20 seconds.- CRIS team informed and fix was provided by CRIS team.",
            "Areas": "Login",
            "link": []
        }
    },
    {
        "_index": "jet_airways",
        "_type": "data",
        "_id": "_3eibz0dpq",
        "_score": 5.1597357,
        "_source": {
            "RCA": "NA",
            "Description": "Claim Past JPMiles form is throwing below error even after inserting correct values in forms fields.",
            "last_occurred_on": "2018-09-06T18:30:00.000Z",
            "created_date": "2018-09-06T18:30:00.000Z",
            "Ref_Id": "jws-447",
            "Quick_Fix": "Na",
            "Resolution": "We have proided the logs to jppl",
            "Areas": "other",
            "link": []
        }
    },
    {
        "_index": "jet_airways",
        "_type": "data",
        "_id": "_570vxy3o2",
        "_score": 5.052965,
        "_source": {
            "RCA": "NA",
            "Description": "Member is not receiving any link to his email ID for unlock.",
            "last_occurred_on": "2018-06-06T18:30:00.000Z",
            "link": [
                "/jetAirways/JPPL_AMS _KEDB.docx",
                "/jetAirways/All_Logs_Script_IN_One.txt"
            ],
            "created_date": "2018-06-06T18:30:00.000Z",
            "Ref_Id": "jws-444",
            "Quick_Fix": "Na",
            "Resolution": "We have provided the logs  to jppl team",
            "Areas": "login"
        }
    },
    {
        "_index": "jet_airways",
        "_type": "data",
        "_id": "_zdpumgcw7",
        "_score": 4.417784,
        "_source": {
            "RCA": "NA",
            "Description": "Not able to login due to cris behavior",
            "last_occurred_on": "2018-07-01T18:30:00.000Z",
            "created_date": "2018-07-01T18:30:00.000Z",
            "Ref_Id": "JWS-146",
            "Count_till_date": 12,
            "Quick_Fix": "Na",
            "Resolution": "Issue is at CRIS end  resulting to the intermittent for login failure, Login  functionality is found to be working fine.",
            "Areas": "Login",
            "link": []
        }
    },
    {
        "_index": "jet_airways",
        "_type": "data",
        "_id": "_utkor5xl5",
        "_score": 4.3421555,
        "_source": {
            "RCA": "NA",
            "Description": "Member is unable to login to the site.",
            "last_occurred_on": "2018-06-01T18:30:00.000Z",
            "created_date": "2018-06-01T18:30:00.000Z",
            "Ref_Id": "JWS-143",
            "Count_till_date": 11,
            "Quick_Fix": "NA",
            "Resolution": "Issue is at CRIS end  resulting to the intermittent for login failure, Login  functionality is found to be working fine.",
            "Areas": "Login",
            "link": []
        }
    },
    {
        "_index": "jet_airways",
        "_type": "data",
        "_id": "_26pzcen6r",
        "_score": 3.661257,
        "_source": {
            "RCA": "NA",
            "Description": "Member didn’t receive mail after locking her account after 5 unsuccessful attempts.",
            "last_occurred_on": "2018-08-01T18:30:00.000Z",
            "created_date": "2018-08-01T18:30:00.000Z",
            "Ref_Id": "JWS-152",
            "Count_till_date": 1,
            "Quick_Fix": "Na",
            "Resolution": "Unlock account logs",
            "Areas": "UnlockAccount",
            "link": []
        }
    },
    {
        "_index": "jet_airways",
        "_type": "data",
        "_id": "_enzizbqex",
        "_score": 2.9470425,
        "_source": {
            "RCA": "NA",
            "Description": "Member is unable to login to the site. Due to cris issue",
            "last_occurred_on": "2018-07-01T18:30:00.000Z",
            "created_date": "2018-07-01T18:30:00.000Z",
            "Ref_Id": "JWS-148",
            "Count_till_date": 10,
            "Quick_Fix": "Na",
            "Resolution": "Issue is at CRIS end  resulting to the intermittent for login failure, Login  functionality is found to be working fine.",
            "Areas": "Login",
            "link": []
        }
    },
    {
        "_index": "jet_airways",
        "_type": "data",
        "_id": "_5ioudr114",
        "_score": 2.9362817,
        "_source": {
            "RCA": "NA",
            "Description": "Sev 1: Site is not accessible",
            "last_occurred_on": "2018-05-06T18:30:00.000Z",
            "created_date": "2018-05-06T18:30:00.000Z",
            "Ref_Id": "jws-439",
            "Quick_Fix": "we have purged a few times  as a resolution",
            "Areas": "Website  unavailability",
            "link": []
        }
    }
]